key,secs,best_iter,dev_ic,promo_ic,dev_sharpe,promo_sharpe
0,320.7,28,0.07088040384715358,0.07254944385883655,6.98226347664082,6.991408739901563
1,325.6,53,0.07121450550220473,0.07686004804698529,7.018263657151063,6.087009130671059
2,308.3,20,0.06880779264311175,0.06841542558371037,7.073854826490096,6.805828963059029
3,287.3,23,0.07052813483621587,0.06837059931969962,6.7229656673401275,6.609584913200683
4,282.6,22,0.0709549606122053,0.06952036798802311,7.690683198735636,6.613269182337631
5,301.8,28,0.07005068555708002,0.0727261398225499,6.491966139714995,6.280106978690448
6,294.9,17,0.07097402302993751,0.06307280794968954,6.706264714402347,5.050713673709545
7,236.1,23,0.07164719639506668,0.07177632484560371,6.674983749397559,6.269765131649638
8,340.5,35,0.06666064714231307,0.0686481578957353,7.891740733123477,6.228904134359915
9,324.2,22,0.0676733643986848,0.07205273771284795,7.286970055346907,6.570464619040316
10,291.1,10,0.0697365919599838,0.05736102990496825,6.778493583914982,4.9368765850709035
11,314.1,12,0.06854849283438331,0.0700025404239023,6.44634888402573,6.044653787590063
12,332.9,24,0.06880998235157543,0.0692410124691754,6.729659492759676,6.3355324782293145
13,270.1,21,0.07179699281773436,0.07016214920215831,6.34396443218295,6.18427248679347
14,277.4,22,0.07061811864140742,0.06879530014811185,6.3016734898840365,5.520297543386217
15,268.4,30,0.07019168825062996,0.07013595216952472,6.8021207797876215,6.040722748911852
16,388.2,42,0.07476904699908761,0.0709184846653864,7.952621265417191,6.84366449521095
17,308.9,36,0.07100081635659103,0.07433708615963117,7.046499609756033,6.583541329872101
18,263.6,17,0.06711502904714348,0.07244504622234377,6.5156021785695835,5.444224713104993
19,327.8,28,0.07201445529177604,0.071973541819448,7.267866255823049,6.2421246461306845
20,334.1,7,0.06361457264198117,0.05890463326276015,5.9455928382481416,6.145533398812163
21,228.2,29,0.07417845427211757,0.06957630326059884,6.969248746550014,4.926358146189495
22,349.1,18,0.07177182268946246,0.0690435096978465,6.452333702374104,5.6314697303355965
23,365.8,19,0.06798343313054207,0.06836793764196503,6.530457279691618,6.0864645951764205
24,228.1,28,0.07266273475365032,0.06811460528115858,6.908521462694356,5.484909839064664
25,232.0,16,0.07262191616674399,0.0711588195804826,7.053893691942688,6.225345416840521
26,298.1,16,0.06747194360277188,0.07251049380732515,6.605364212847936,7.431285097689897
27,250.7,20,0.06949377824983016,0.07007295792439994,6.356228185813104,6.6278899024017255
28,330.0,54,0.0724451666193146,0.0718212395570527,7.154189100684732,7.123785874096933
29,222.9,54,0.07459623023624541,0.07338945556956819,7.0841599867671015,5.973048849082859
30,232.8,21,0.06860377261662702,0.06981987882540347,6.839395699525784,6.479135509295341
31,296.2,49,0.0713711089661509,0.07677460418985077,7.624982686396401,6.975193603968922
32,232.1,22,0.06982018660629705,0.0711835856349044,6.955189384641661,6.777557199245423
33,258.5,62,0.07355363160941686,0.07189171915235981,6.720321429183087,6.823156130765614
34,245.9,10,0.06970702135655332,0.07142546168537554,6.576265890938382,5.959677810637591
35,377.5,25,0.07040611206428793,0.07189475876568341,7.222370170348031,7.07433897116208
36,292.7,38,0.07175457120187156,0.07684708113997003,7.809681346119161,6.804482415908162
37,215.3,19,0.06887789128011972,0.0756664821846103,6.46761134444238,6.362992675909015
38,204.2,23,0.06783394495649725,0.07426425646061754,6.222955517441845,6.391936736654734
39,233.1,26,0.07033363610608943,0.07514195953559741,6.973937670028471,6.716456302807812
40,243.2,20,0.07125872366994755,0.07454836905815737,7.567228194336665,6.585252745103614
41,206.2,8,0.06020643125891454,0.06007052810409854,6.522503181533795,4.643614173744651
42,285.4,71,0.07686928546194102,0.07424725967202878,7.974543483288127,6.5711535819904405
43,292.0,38,0.06911668160493079,0.0730015883260563,6.6780991649746815,6.116967913862133
44,225.5,19,0.0730192842982484,0.06962529985624111,7.073236291726947,5.775476123471413
45,265.3,52,0.07146561436551681,0.07432636674524919,7.459493868518376,6.037931546436967
46,360.0,49,0.07451015857692234,0.07137566189715079,7.256228274078607,6.108201183284394
47,251.6,16,0.06785782684830305,0.0710084282093238,6.838209968544228,6.795598250557045
48,290.2,40,0.07344166275676316,0.07566093600360384,7.441077975122444,6.855390872088654
49,214.7,32,0.07351877361017316,0.07355395689549012,6.376067352046071,6.088745015114372
50,210.6,22,0.06952595426729578,0.07167587668139024,6.070462706383384,5.930212602651172
51,262.9,16,0.0686045335493825,0.06892843959067257,6.134251259447483,5.755431375041484
52,201.5,23,0.07224857331627775,0.07334855096728159,7.418790981397856,5.541645757402238
53,230.5,26,0.06874450763332363,0.0722099057826589,6.794725463849089,5.800214310952949
54,257.1,33,0.07330347163451326,0.0717134137019568,6.258015705031669,5.878391372893872
55,221.1,26,0.07065365815910037,0.0742564254780809,6.519034995884062,6.188380385207718
56,285.1,33,0.06961788444876625,0.07480046592073374,7.302109492296405,6.594602060562371
57,278.1,46,0.06996300137564458,0.07368921537168999,7.47965344029129,5.946919750297668
58,312.4,30,0.06943443065261158,0.07366636798436237,7.572374713439278,7.064678891912747
59,214.8,22,0.07267121393117301,0.0738607353701034,7.342404829480784,7.094449261460932
60,190.8,11,0.07000652336709642,0.07020519033377097,6.342899060869969,6.371957751175113
61,268.5,22,0.06983923653186073,0.06852929971820751,6.902616151415864,5.980616576986521
62,280.6,14,0.06932764802228293,0.07212630314296055,7.1526598597583355,7.124141568293295
63,255.2,24,0.072924352232705,0.06811148223679231,7.29661315100551,6.10696683208226
64,298.1,41,0.07019423884961296,0.07151258237887373,6.8436956949758505,6.043066885340505
65,259.6,12,0.06759269509245945,0.06399753205908734,6.849877106413681,5.593743182739216
66,237.1,34,0.0685058591933213,0.07154189485052641,6.6756994079901,6.241197475439305
67,267.7,9,0.06859296950911671,0.0645590728563435,6.601317490950518,4.98030964479568
68,294.2,22,0.07130274051086843,0.07002516544446685,7.343739630201389,7.228129932820597
69,280.4,37,0.0721201383879643,0.07159785081559565,7.001380259035867,6.284215256903261
70,228.8,18,0.0698376019790626,0.06889577193986708,6.464904955785259,6.198087594963237
71,251.9,16,0.06845058662061373,0.06557285030159489,7.189442028064885,5.274426999239626
72,212.9,18,0.0703687683093569,0.06961982746548658,6.228186511786276,6.074112036212374
73,275.1,33,0.07327467296821304,0.06954543500147949,7.296868844875216,6.283635022256532
74,318.7,26,0.07238801867943696,0.07120225976947746,6.973381936825576,6.3793343477937805
75,266.0,59,0.07510252444843757,0.07409279886917097,7.191835728939305,6.348072115144354
76,325.9,27,0.06704539373363656,0.07143837147559756,7.068344512622305,6.086547794323652
77,372.9,32,0.07043347212438407,0.07621944851335463,7.4777691027768025,7.153312128006632
78,244.1,30,0.07036716306579716,0.07500428836628724,7.0354699953679525,6.605450794091371
79,224.7,16,0.07269300333831473,0.07062268045587645,6.366265224128877,6.075624446694714
80,265.6,24,0.07269752354519768,0.07119562891301827,7.1783830664135575,6.678890303565089
81,239.3,22,0.06974077208741783,0.06529074681443219,7.060457364390684,5.794620288215894
82,358.3,58,0.07123281857428665,0.07304649369691946,6.6339698106612,6.659965571650177
83,226.6,11,0.06476065924237792,0.07201297043964033,6.33084316096563,6.283459693508948
84,253.6,26,0.07172360360962032,0.07542207777461049,6.708256760726106,6.6029506222116074
85,229.3,19,0.07096154998235357,0.06901519880238839,6.328350409038071,5.600584263191633
86,256.4,8,0.07012666225726769,0.06721815040131575,5.652154387133268,6.748705912820023
87,182.6,17,0.07258905997182258,0.07258891229666325,6.499684804630387,5.674226612091856
88,258.0,30,0.07063447916080483,0.06663539056507192,7.112999653738537,5.4223143051538445
89,266.8,18,0.07047075090031488,0.06586941762504764,6.668685109766669,6.378532571650981
90,232.6,20,0.07049806355272437,0.0737905848610114,6.9132758336576385,6.165752542291502
91,235.3,28,0.07467910850247725,0.0689293250277909,7.226390210446345,5.373347959686393
92,280.4,23,0.07216281287024244,0.07695680791306897,7.061878071930913,7.817962968893401
93,241.4,30,0.07470652430484437,0.07393535511435877,7.2542157884195,6.3661826011207845
94,281.8,37,0.07192625365840384,0.07312204136207587,6.775420496211947,6.509624066911923
95,306.3,54,0.07502004967409719,0.07597055612997335,7.357955537972319,7.211888543299159
96,263.4,10,0.06477989379107153,0.06741334478309156,6.736224393095118,6.116743540370749
97,288.7,25,0.07053074914855244,0.07142603079166063,6.880786271684959,6.706787370920045
98,240.9,11,0.06765200827295656,0.0654870573619962,6.83798373954751,6.133355150258868
99,286.4,33,0.07289857119292846,0.07279467190388758,7.186392887510963,5.995384628340411
100,253.2,11,0.07039990914740492,0.06687394840462658,6.871723966488615,5.360723229204714
101,290.4,36,0.06757693989155104,0.07466959038632211,7.167828532870891,6.666409694521247
102,301.3,12,0.0690077446812235,0.06722536560775018,6.262777933385833,5.765692717126609
103,274.4,21,0.06718669287625499,0.07200515139513236,7.489826559299618,7.864981740106275
104,211.8,28,0.07019309726014791,0.07215581614036451,7.204706836901577,6.21317578577883
105,234.5,15,0.06831434393879249,0.06666390299199537,7.091651915603521,6.162882647471304
106,282.1,10,0.06891037399444579,0.06939479055624727,7.5136971761399245,6.805031522051907
107,217.9,29,0.06688025606909605,0.07021718275347044,6.217420012588939,6.285390754943287
108,283.5,40,0.07196776889341432,0.07133353456795535,6.569048160187622,6.436719749136312
109,272.0,14,0.06809919872205988,0.06588191885912496,6.864785488633214,5.789221096117447
110,349.4,18,0.07117885236799418,0.07140468278219536,7.320314562222481,6.491600333414414
111,239.2,22,0.0695685126823255,0.07449888002067072,6.84101083708328,6.355009855759701
112,334.2,14,0.06711760485912317,0.06832708638226526,6.492808244825012,6.461688027751281
113,257.5,16,0.06834027528511288,0.07324128788385609,6.761417118986103,5.655503241219768
114,231.5,21,0.06889850160109312,0.07062453392498542,6.943842340242409,6.13961091644217
115,397.9,16,0.06877839499914103,0.07005336588764531,7.189284918674839,6.555847130337726
116,358.1,16,0.06961199457050352,0.0714911587433221,7.215864755757745,6.501084184636917
117,305.0,14,0.06774184770981125,0.07012729040013231,6.200111951427122,5.892956770089193
118,305.0,14,0.07125257128943929,0.06939953253454775,7.055039015530955,6.057957785490287
119,353.3,17,0.07345703767325154,0.0701728473093803,7.153589679221844,6.596561397102622
120,339.3,16,0.07136216849514934,0.07151426657065064,7.155052244843134,5.925890077864419
121,298.8,19,0.07004871905545508,0.07360332772440602,7.207814885778913,6.716653309048413
122,259.0,33,0.07061445758919714,0.07201162670415014,7.30181373170779,7.311810577713172
123,301.5,26,0.06887298325849672,0.07441386954116233,6.53357718768859,6.392078687916546
124,289.1,23,0.0704652016419504,0.07012029337335171,6.795537705589415,5.703903988275504
125,287.1,28,0.07256783848554788,0.0725882492241739,6.870403678432162,7.117747870136763
126,288.4,23,0.06983080614871005,0.06893404491138015,6.535043361642374,5.617650941035982
127,275.3,29,0.07143769023046335,0.07556226417094115,7.023520074648997,6.350589295751188
