datetime,s0
2015-01-05,-0.017493891055798277
2015-01-06,0.3189744680705134
2015-01-07,0.11201235427252773
2015-01-08,-0.18080617853070607
2015-01-09,0.049811053954575614
2015-01-12,0.19483692942768072
2015-01-13,0.11024766270234793
2015-01-14,-0.14592458340868866
2015-01-15,0.2524465810524255
2015-01-16,-0.018483364465904293
2015-01-19,0.14718117623684412
2015-01-20,0.029646717758036695
2015-01-21,-0.015604622859744111
2015-01-22,0.07925177888953704
2015-01-23,0.2635279154101355
2015-01-26,0.20871928035554155
2015-01-27,-0.003261034051910924
2015-01-28,0.06475803733428677
2015-01-29,0.13424306127941654
2015-01-30,0.15811366887091244
2015-02-02,-0.06324128652232265
2015-02-03,0.026436149602456518
2015-02-04,0.12424078078432049
2015-02-05,0.14277133446286258
2015-02-06,0.21671345381712576
2015-02-09,0.0702256571749216
2015-02-10,0.02057634987515706
2015-02-11,0.10330182606720308
2015-02-12,0.13499792547195227
2015-02-13,0.14564060495964448
2015-02-16,0.03554320760339018
2015-02-17,-0.07631737756557588
2015-02-25,-0.038774035642204295
2015-02-26,-0.09458533902878788
2015-02-27,0.0811198454355151
2015-03-02,0.2132771784707522
2015-03-03,0.06764943581287808
2015-03-04,0.20248656721410557
2015-03-05,-0.0692024982133959
2015-03-06,0.3210780880560103
2015-03-09,-0.0257772583023776
2015-03-10,-0.026348075846836322
2015-03-11,0.12687467326028148
2015-03-12,0.09675131778790315
2015-03-13,0.15763657074632684
2015-03-16,0.1513002310063894
2015-03-17,-0.04066795468423279
2015-03-18,0.11158274880035492
2015-03-19,-0.12103579976825718
2015-03-20,0.14896530285700335
2015-03-23,-0.13118101410784339
2015-03-24,0.19655145210863176
2015-03-25,-0.040571225790578314
2015-03-26,0.07175656395034193
2015-03-27,0.022546417998919165
2015-03-30,0.11025688787806544
2015-03-31,0.03201070786399108
2015-04-01,-0.07125775777920498
2015-04-02,0.16924643621491972
2015-04-03,0.11048193703102034
2015-04-07,0.12123740471734314
2015-04-08,0.2448218139281702
2015-04-09,0.03979379258719228
2015-04-10,0.04839533802357804
2015-04-13,0.1010672546049519
2015-04-14,0.15471848804153182
2015-04-15,0.02819151931139447
2015-04-16,0.013117235750856557
2015-04-17,0.24408219492595565
2015-04-20,0.0952458309849816
2015-04-21,-0.00423400156199035
2015-04-22,0.0747306302423499
2015-04-23,-0.04717115791887334
2015-04-24,0.12575433147803353
2015-04-27,0.07669531909956627
2015-04-28,0.12297376456012482
2015-04-29,-0.048915609344410305
2015-04-30,0.09903258359267704
2015-05-04,0.0066262449056067865
2015-05-05,-0.06347014706607841
2015-05-06,0.05114680584458021
2015-05-07,0.23398501370260033
2015-05-08,0.15448583656479484
2015-05-11,0.15051617255179872
2015-05-12,-0.04997903893013818
2015-05-13,0.028866208596562287
2015-05-14,0.3204465985601975
2015-05-15,0.0461969412098741
2015-05-18,0.07526994443498418
2015-05-19,-0.11804161221026156
2015-05-20,0.044134272545444796
2015-05-21,-0.06487965407722038
2015-05-22,-0.05620152385320092
2015-05-25,0.029731523466196258
2015-05-26,0.2317470789609696
2015-05-27,0.02604244032511554
2015-05-28,0.016430576722547524
2015-05-29,-0.04842648054390871
2015-06-01,0.13241011459626587
2015-06-02,0.2595443617157049
2015-06-03,0.12449288212755007
2015-06-04,0.09122911303462475
2015-06-05,-0.020106488238734822
2015-06-17,0.12752050329366157
2015-06-18,0.042060114314646596
2015-06-19,0.2116238204977218
2015-06-23,0.08618496676137077
2015-06-24,0.04548006542619652
2015-06-25,-0.172349088171686
2015-06-26,-0.007570671467590255
2015-06-29,-0.10924874206257758
2015-06-30,0.35530201363643693
2015-07-01,0.007914721886983242
2015-07-02,-0.2834092044257924
2015-07-03,-0.10700953779083197
2015-07-06,0.11922236840159896
2015-07-07,-0.10522753471243974
2015-07-08,0.01547589119033651
2015-07-09,0.15801564501410975
2015-07-10,-0.34120066968940793
2015-07-13,0.08705472307373334
2015-07-14,0.12351192508216478
2015-07-15,0.3038701142675873
2015-07-16,0.041115976664066835
2015-07-17,0.23379843231695266
2015-07-20,0.02595175601511651
2015-07-21,0.12439909803141677
2015-07-22,-0.11752459359006072
2015-07-23,0.049237052464357604
2015-07-24,0.02522953276378565
2015-07-27,0.484011207911708
2015-07-28,-0.06264587841461836
2015-07-29,0.08111809217280999
2015-07-30,-0.15675696484532203
2015-07-31,0.48262507307360164
2015-08-03,0.1958468506679136
2015-08-04,0.11744670160018858
2015-08-05,0.536686130889861
2015-08-06,0.39071212882103185
2015-08-07,0.08592419025769651
2015-08-10,0.21894992013389947
2015-08-11,-0.028726857393431834
2015-08-12,0.15099828085574632
2015-08-13,-0.18853967612128167
2015-08-14,0.10841093761878914
2015-08-17,-0.1124725238852136
2015-08-18,-0.033780874772400174
2015-08-19,-0.06524633737622608
2015-08-20,0.0025053009555032115
2015-08-21,0.16149175679651953
2015-08-24,0.09322215766476656
2015-08-25,0.2704284849508773
2015-08-26,-0.22835724636934468
2015-08-27,0.10476428267584012
2015-08-28,0.17142659031353183
2015-08-31,-0.11870406648065565
2015-09-01,0.05430222855780749
2015-09-02,-0.0716391272960616
2015-09-07,-0.018678842132880766
2015-09-08,0.2052272114994193
2015-09-09,0.1422456798146023
2015-09-10,-0.1902020813074498
2015-09-11,0.20478677596663056
2015-09-14,-0.13240921595327673
2015-09-15,0.019466620153583483
2015-09-16,0.2414966747421884
2015-09-17,0.2937604061548917
2015-09-18,0.007624839945009055
2015-09-21,0.29834430697248154
2015-09-22,0.05969962969986454
2015-09-23,-0.09873384546417849
2015-09-24,0.1922279870857055
2015-09-25,-0.0971570829342405
2015-09-28,0.08296760192913173
2015-09-29,-0.18384389333294446
2015-09-30,-0.0865901969925128
2015-10-08,-0.12413450633659125
2015-10-09,-0.06345033010626784
2015-10-12,0.16163405429711414
2015-10-13,0.08693539178725954
2015-10-14,-0.11573488837692811
2015-10-26,-0.006010854374478836
2015-10-27,0.017216290831045082
2015-10-28,0.08485910642320663
2015-10-29,0.046382069822951635
2015-10-30,0.08371085572376659
2015-11-02,0.1364176861275956
2015-11-03,0.0038003814496668236
2015-11-04,0.16023014597832191
2015-11-05,-0.05138142114186016
2015-11-06,0.0765875562196093
2015-11-09,-0.025066427594388086
2015-11-10,0.2132691339661135
2015-11-11,0.033159204416221555
2015-11-12,-0.21246755471342021
2015-11-13,0.113406322729372
2015-11-16,0.2777399941321457
2015-11-17,-0.0654750215246555
2015-11-18,-0.06778731819202677
2015-11-19,0.004651439056646916
2015-11-20,0.26476954839987266
2015-11-23,0.16419591394648989
2015-11-24,0.25920409377651904
2015-11-25,0.002414845271556685
2015-11-26,0.170328194073304
2015-11-27,-0.14219545681034823
2015-11-30,0.07822512313385921
2015-12-01,0.07377809027716066
2015-12-02,-0.0735916821096479
2015-12-03,0.024582622450151463
2015-12-04,-0.05538264207927903
2015-12-07,0.05962249650903377
2015-12-08,0.12192444119868508
2015-12-09,0.029571197414979922
2015-12-10,0.038342770600929714
2015-12-11,0.0811092006953047
2015-12-14,0.20870297477310706
2015-12-15,-0.057626547541801076
2015-12-16,0.11850039399268204
2015-12-17,0.07094433802406895
2015-12-18,0.20268564063052524
2015-12-21,-0.043345967770525955
2015-12-22,0.05485892554746935
2015-12-23,-0.09243021171744817
2015-12-24,0.3016925285684986
2015-12-25,0.13304495288286886
2015-12-28,0.1296671083758666
2015-12-29,-0.030188270044601898
