cand,best_iter,hit_cap,secs,learning_rate,num_leaves,max_depth,colsample_bytree,subsample,lambda_l1,lambda_l2,min_data_in_leaf,bagging_freq,seed,dev_ic,promo_ic
0,29,0,556.2,0.2,210,8,0.8879,0.8789,205.6999,580.9768,20,0,2026,0.0702294822728844,0.07570430822940401
1,9,0,517.7,0.18770155690756987,234,10,0.8073773453118105,0.8770771439848543,150.3082158336211,404.9641983254234,19,1,796700,0.0699181038939182,0.06517311940713498
2,42,0,509.3,0.18823542356169015,279,6,0.9266634170919479,0.8614776865136391,280.3841661525658,678.8426263572732,72,1,873507,0.0741184004467612,0.0698997767707162
3,9,0,335.3,0.34905055875200874,192,7,0.8247316546702824,0.8166288739511118,188.7567187168959,630.9666826157737,27,1,290211,0.06696012744301509,0.06356153033943096
4,15,0,351.1,0.20737375256418134,211,7,0.8466486501532318,0.7438030954034818,191.80192988594936,637.6615777611833,16,1,624106,0.06863267593570474,0.0679061336278154
5,26,0,564.9,0.21399569261949775,120,10,0.8399055717171847,1.0,288.6433892449959,234.1190896512311,28,1,730579,0.06922564381865193,0.07306652519365443
6,18,0,574.5,0.20258395136237506,157,10,0.8041053675700878,0.8289811049871337,134.9096858612709,1020.5776498844353,12,1,158132,0.07224448457473295,0.06933861542727406
7,23,0,602.8,0.20117118666611905,141,7,0.7618432693472931,0.9107720840956924,238.53657172151972,505.76785279069225,15,1,280609,0.07185425287465526,0.06688243458891828
8,34,0,470.2,0.152764692670544,194,7,0.8579593141904578,0.8597478856908471,188.23284171249313,381.6190609291546,15,1,350780,0.0746091559787167,0.0750688243441355
9,19,0,654.9,0.22360032664972054,217,8,0.8973243396805226,0.9342106230037042,209.9536752730469,968.2125698036228,22,1,179084,0.07190733001170663,0.07061222819624514
10,49,0,465.3,0.19596680701431837,229,6,0.8507880896392019,0.8550094272985843,158.8516987805977,871.7769981684368,16,1,340180,0.07150148906104703,0.07385236667451114
11,23,0,578.0,0.1675582150116468,149,9,0.7895622763127251,0.9289744051073782,128.441650325595,795.1591195849154,27,1,372587,0.07218836850941955,0.07211265302526766
12,37,0,667.2,0.18096979270453073,198,9,0.8766123718512454,0.9560262469006428,325.13494471942664,791.2985798398465,15,1,386521,0.07310782499409473,0.07502167557267807
13,37,0,468.1,0.24213938492840237,230,7,0.778444079742551,0.7953152542159801,366.0429283314297,387.1150160188217,17,1,917766,0.0702344800625377,0.06864743576983541
14,17,0,622.3,0.1947117457168388,313,8,0.9440491811641029,0.9208939630267716,211.1750533268767,695.8268613495931,12,1,259620,0.07241452069678513,0.06844573277750009
15,22,0,623.5,0.21171068419403305,313,9,0.827154676300114,0.9677587093768004,251.1036224840427,475.07862496413674,13,1,597865,0.06926439435236247,0.07329821418155995
16,27,0,546.1,0.18528800315182958,225,8,0.9825579919445936,0.82804632555009,258.00724816195805,472.1085634829856,11,1,656092,0.07121260569417323,0.07017411862340547
17,38,0,437.4,0.22995836019984287,244,6,0.9040709208827497,0.9075842992531483,352.22188485097536,339.922298392502,36,1,963143,0.07369094526400756,0.07334020767418567
18,40,0,564.3,0.18293883263055263,232,8,0.8714360395643928,0.8663091252314016,204.09762941082954,605.2263873445329,14,1,148998,0.07434953879504239,0.07370221027491858
19,10,0,558.8,0.20619345439562703,133,9,0.8707848552708125,0.9142382036734498,140.75639642807266,601.8682688958494,20,1,138305,0.0708218615259758,0.06130380239463688
20,43,0,558.5,0.21383772401042964,142,8,0.8526142710376993,0.888710448551465,281.8038109976468,462.3618393961583,16,1,691734,0.07154118269596911,0.07656570735499532
21,41,0,748.4,0.16103031287920422,206,8,0.9203897910938239,0.9467614314867133,244.72046516754855,417.1885121499412,23,1,716843,0.07434758416011339,0.07565556166104587
22,29,0,360.9,0.2287432935527075,210,6,0.8986962623911606,0.877090123615416,168.3207904655295,565.9018900019771,10,1,264836,0.06868536511372501,0.07663079383944876
23,35,0,545.9,0.17277063782683236,182,9,0.9599424859378756,0.9142634806929965,312.96905789308113,497.2373048848858,34,1,455969,0.07088318579913715,0.07236686175717909
24,49,0,662.2,0.15360804178991727,210,7,0.9475704468323816,0.9148343346979265,219.21820219939283,803.2984427486335,9,1,314044,0.07215532271535421,0.07620809218321618
25,28,0,305.7,0.18205835297625936,144,8,0.8036216631875821,0.821996235379384,373.46945552721854,418.09375511165445,23,1,882954,0.06969176859969158,0.07538284895395635
26,10,0,535.7,0.2080336257665154,284,10,0.8915392628244725,0.8422281896824306,138.22134340498025,323.7900095955399,17,1,611968,0.06609223409165758,0.06026319054584641
27,20,0,511.5,0.2320358661519785,283,8,0.8206506085672298,0.8715117637749618,200.37469817584758,578.9467143630833,32,1,575567,0.07263272891753458,0.07229756816996996
28,28,0,399.7,0.23082581540340935,270,6,0.814913040593021,0.9174470071580392,159.7989535168094,512.4831778126292,26,1,971669,0.07268693020886897,0.07046099352429666
29,67,0,467.3,0.13724203173617242,171,6,0.8458140112771304,0.7282110113815929,329.9086704215447,586.7924938750824,25,1,903092,0.07286685364950332,0.07947826084843475
30,22,0,874.9,0.19596515911933643,195,10,0.9623213673621017,0.890791585816199,152.60385466253805,713.4369055164282,22,1,4095,0.06843451776486766,0.07137548399953049
31,14,0,392.2,0.29762716978394727,173,7,0.9554912086252556,0.9405795572517125,137.39329217718227,723.0096913706351,15,1,886069,0.06571782856512484,0.07050931983935337
32,30,0,510.6,0.15246485890337122,356,8,0.9306542109787093,0.9480225976580909,196.49784668008454,521.091283173267,28,1,568105,0.07009056791139333,0.07543776786828173
33,51,0,404.5,0.1650043869148665,186,6,0.8561851026233172,1.0,350.70550809675285,737.003220554194,18,1,968798,0.07289979998106752,0.07209919243743355
34,48,0,596.9,0.132705864152018,130,8,0.9121309996954329,0.8648044903982735,236.00234750966482,571.1194676705621,12,1,741388,0.07218275634123464,0.07545001489959147
35,32,0,456.3,0.2099409412500195,241,9,0.83669140513656,0.7334354834801906,173.5315492163844,390.77662924989073,23,1,9961,0.07038267751864603,0.07128204055573344
36,41,0,395.8,0.16626018960599176,169,7,0.8780853782623776,0.8121253951360176,224.04131360279132,611.5667568888497,40,1,80945,0.07527752662486473,0.07113317088076866
37,24,0,396.7,0.20447681961287545,250,6,0.946686920260709,0.9779160340692096,112.8702886936975,984.7004873021486,46,1,789531,0.07141608366947781,0.07238897315725323
38,22,0,608.2,0.18662938124603856,192,10,0.9554913150999503,0.949134927452993,173.05594565327354,533.2005627365119,28,1,281288,0.06939269252662439,0.07537091887711468
39,50,0,412.6,0.1820503783147659,175,7,0.8182732449916734,0.9606280926258071,329.26740619781197,455.1418686139073,18,1,458203,0.07150296368739256,0.07567792464963415
40,12,0,433.0,0.23426124568931064,285,10,0.9371492636509275,0.8621182739172184,187.03554025493597,709.275903736413,21,1,738704,0.06627678172177037,0.0630694413546766
41,36,0,366.5,0.2435501688472535,189,7,0.8945043975657222,0.8564058851743721,304.21027597348143,470.1900767547376,18,1,123307,0.07249864365908608,0.07141475778386698
42,21,0,436.3,0.2005147243807769,307,8,0.9104229722989171,0.8582555972131415,210.77159250051972,517.9410701788586,18,1,357311,0.07226841224323227,0.07211319535813338
43,24,0,481.4,0.19458829977015782,309,8,0.9657208971696976,0.9220222673637545,152.17566587623148,714.5579076339645,18,1,799101,0.07220183341511717,0.07301065972019313
44,12,0,471.2,0.28864212941931,217,10,0.8942589751986816,0.7558693652689952,157.2826888294567,556.4638855499469,13,1,958381,0.06754265713184447,0.061805604654645616
45,18,0,410.9,0.15602123179598565,183,9,0.8978347173938792,0.9269698715390012,221.7566438286888,808.3420857871288,8,1,895184,0.071558909297242,0.06795327355117732
46,25,0,400.2,0.1695799489906843,224,8,0.77590362789607,0.797872762719576,169.93537668286754,524.0353647357653,15,1,932520,0.06855315021860933,0.0705826868317204
47,39,0,439.4,0.15968448435893604,299,7,0.8471157230878253,0.930496853115429,247.12222769994708,666.720963333626,53,1,909615,0.06978282671750545,0.07296400386332305
48,15,0,476.5,0.23292568521076415,183,9,0.8882307641734655,0.9572071489648334,153.22858955280861,509.2278586212899,32,1,492773,0.06973435589257337,0.06928763240183797
49,28,0,390.0,0.22934767219061314,195,7,0.8010989691319478,0.9478071817872695,266.18492537455455,431.54892673329897,19,1,891002,0.0715158894123071,0.07455950864859819
50,47,0,483.9,0.15480501623239168,260,8,0.8183226516323603,0.8644010941005987,208.48558418011694,952.7447471336869,11,1,692889,0.07663669662622223,0.07366392223093851
51,18,0,322.6,0.19668936375810608,147,8,0.7095737036187308,0.8462362883613745,208.73306529070635,674.1787427508754,25,1,916545,0.07151224809127965,0.07008192960010581
52,38,0,450.1,0.19846820991853575,210,8,0.8832355612597104,0.8744803479932226,217.06148950264588,609.7245773370772,15,1,78764,0.07336852557540255,0.0775964662235097
53,17,0,367.1,0.184016123123486,269,9,0.8918008568953596,0.8444003110211705,217.57238302626587,389.8177155874337,27,1,107121,0.06793208282642786,0.0649157974934398
54,39,0,455.8,0.18889351626152798,248,7,0.9343443423096349,0.8697900210117004,223.00635168338772,794.1652406499519,21,1,395442,0.07381208148028506,0.07668155863351667
55,21,0,497.2,0.1831996035170024,155,8,0.9028205297221582,0.9471626823724225,247.4239391267705,354.0345422137991,26,1,609795,0.0731509816145928,0.0729475803442054
56,51,0,440.8,0.16965080378132397,234,6,0.9032610924147448,0.8832918679992497,209.6749998981875,716.3132363477334,10,1,4044,0.07533801077394871,0.07586184222054786
57,9,0,496.8,0.23827730226698518,255,10,0.9440860036670373,0.9694427720832491,159.382699483011,819.4794017855177,13,1,189386,0.06911030603367221,0.06508212420459014
58,12,0,303.5,0.27022695124559615,143,9,0.850995406712681,0.8878149258943288,252.2561102942858,570.2983827018452,20,1,647765,0.06725625937465479,0.06239504009478303
59,45,0,587.5,0.14936599179941246,217,7,0.7790886653706726,0.9379063747257806,167.8276501912137,657.1343767117534,30,1,276994,0.06998833482280928,0.07414927059198848
60,7,0,350.3,0.2953936411638388,172,10,0.7688084117533759,0.8576053185276215,156.85901520449147,714.4325497724462,15,1,481343,0.060450353132888976,0.061933752812651066
61,18,0,539.9,0.1492329383413646,194,10,0.9386858326093597,0.8744685267794012,152.1090548309681,504.43781771777043,7,1,651175,0.06865521573715445,0.07245895756932852
62,47,0,492.7,0.1721898221971385,178,8,0.8863535745930163,0.8888259735931454,203.7690517772985,766.4836042519426,15,1,926064,0.07247611768769555,0.0739491244616393
63,57,0,425.9,0.19461697735349248,160,7,0.8634731062931355,0.843455699523911,276.60722507419086,616.3326474674973,21,1,365222,0.0715414150117638,0.07290756000815017
64,35,0,477.6,0.2116913827173774,192,9,0.8884650039639274,0.9035534078801213,231.0034072202755,629.8894206440857,19,1,174977,0.0700378744370485,0.07513330417631524
65,17,0,256.5,0.26374109030875437,209,6,0.9188008271133139,0.8112440501880491,236.07256161359572,653.2253047384052,22,1,358132,0.07004287433182652,0.0734451000429964
66,47,0,549.1,0.1880145180277832,168,8,0.9780270459890078,0.890763900039611,244.441092730922,585.2827712553577,9,1,784191,0.0692836711079004,0.07520530453186076
67,9,0,542.9,0.30700459955453674,267,10,0.907196825415482,0.9490667393232212,169.56519504129508,676.4582399908783,30,1,466796,0.06859112542126425,0.06773141339637583
68,22,0,355.6,0.1874096576718283,202,7,1.0,0.8538377677142298,206.14022083765087,556.9110985363112,25,1,417467,0.07107458700423289,0.06989902823342074
69,12,0,384.8,0.2014740057505131,258,8,0.9355929434712097,1.0,84.82540467902417,705.4760806138023,15,1,226415,0.0670254684275017,0.07441842921417086
70,20,0,267.1,0.21814218993900855,205,6,0.8422254145400667,0.8463829533890224,193.44808186989314,834.8627947933137,21,1,169975,0.0706896128006342,0.07085237189486233
71,11,0,433.3,0.23086870925576247,212,8,0.9231185732389684,0.8723303514216978,117.1303258559456,419.00241949622847,23,1,683891,0.06591332877996928,0.0687955063816544
72,15,0,412.4,0.19233102953420733,192,10,0.9349477934753113,0.8569048223318135,204.27872770451646,428.8587463639836,8,1,915619,0.06813098653271166,0.06491584754474146
73,15,0,317.3,0.32830672298043906,207,10,0.7736772564559591,0.9513594440986071,267.0480536658456,639.1574054400814,24,1,553343,0.0646905425925756,0.07068623733550203
74,22,0,455.1,0.21978361828938595,125,10,0.9183007261832112,0.84102522478436,188.5122643864033,366.94838677322167,31,1,176388,0.06967346078430191,0.07507555815109727
75,16,0,347.0,0.18830532169756536,224,7,0.9371222022586194,0.9829573918514496,193.6722733860334,1003.5554748693819,24,1,487589,0.07124055372358282,0.06990055232084769
76,38,0,593.8,0.16881451507676562,258,10,0.8300619136337641,0.8877058381164036,271.8573177546441,530.5470047196579,25,1,818063,0.07258179394524454,0.07090634850945722
77,63,0,547.7,0.1554855774181987,205,6,0.9080253528228333,0.8749966461917381,257.890440411713,428.16838775271566,36,1,726307,0.07349440041424021,0.07656084553648057
78,25,0,370.8,0.20991559908771104,267,9,0.861559804639522,0.8058549576816365,208.46310136531432,293.53469976931746,21,1,457074,0.0710407814875346,0.07201674272005033
79,59,0,553.8,0.13657279914278386,148,8,0.9086487533413614,0.8557978160089087,237.20232342934287,506.03676557227556,21,1,410602,0.07634921282161329,0.07306350866864024
80,27,0,390.7,0.15459831282917338,266,8,0.9843442343290005,0.8189544119503781,232.07084806956794,541.2835980387009,24,1,505220,0.06873666396231787,0.07275943277702754
81,9,0,492.3,0.21757156833397465,235,10,1.0,0.8987787727444181,155.66937036635744,646.2277966562191,13,1,965535,0.06624437436705322,0.05938341330582483
82,15,0,325.8,0.25548393007072717,210,9,0.8997792064533507,0.8838771542667742,286.63873648917735,701.8470878348556,10,1,924723,0.0686475671597661,0.06748311792024084
83,11,0,487.5,0.2642763868775314,252,10,0.9562815135298538,0.9319119397518877,146.20225061695783,450.18038270369277,16,1,912550,0.07080326992851846,0.07161717374692267
84,36,0,334.6,0.17071631140114393,197,9,0.8369056888284713,0.8314701516086991,325.9828436672289,625.8168157586858,16,1,445507,0.07049713434004536,0.074480073156657
85,15,0,286.8,0.260924903465574,210,8,0.8630337847890251,0.7772316191894593,263.5535785257338,763.0040458214679,28,1,453164,0.07306049677119007,0.07068664810764398
86,24,0,449.4,0.2116406534270058,239,8,0.8638078567452253,0.8067431647437056,188.76291497866453,835.1225027062975,28,1,751130,0.07139922223859922,0.06688488109655531
87,19,0,372.3,0.1926085758324909,241,8,0.8532106900427106,0.8782511439635622,169.4444215543123,450.7891684860688,21,1,573905,0.06871173870988292,0.0667591775484907
88,39,0,424.5,0.1498311497697448,266,8,0.8943914838329751,0.8857753936730833,263.17918851171777,626.2217394363281,13,1,86034,0.07235578534883089,0.07310036566791836
89,44,0,436.3,0.16658311133714246,267,8,0.8243514090866133,0.8569226765497442,236.73371995959624,463.7819478220911,24,1,376031,0.07407796509672059,0.07396131894883917
90,16,0,300.8,0.21387390183591895,267,7,0.84485416781374,0.9060505446517269,155.58923149317,583.0497732221309,21,1,642848,0.06683627843943803,0.07134988820605115
91,14,0,401.4,0.22367152600722978,187,10,0.8952639284460063,0.8687455368024507,178.52247964144183,523.5438753958609,17,1,714319,0.06617902166573002,0.06849389516587753
92,31,0,485.3,0.2435791544730951,191,8,0.9545526590560901,0.9551018122364017,210.79175020378196,483.3306958869454,12,1,636259,0.06973818611956277,0.07419489462252556
93,22,0,352.5,0.271182192918968,242,7,0.9710935346448095,0.8538955987879323,232.9788034245095,575.1795382512589,13,1,628701,0.07054119873851387,0.07488032243063902
94,21,0,345.6,0.18996719080664648,245,7,0.8302577541598751,0.8596203791169823,122.0554906314476,519.8182201244704,11,1,852150,0.07081879762612858,0.07092706537443268
95,22,0,343.6,0.24277037117188752,259,7,0.8738298375773744,0.8737715025954191,245.45683069559752,540.548524295227,25,1,232773,0.0700843083367154,0.07158027513733572
96,24,0,371.3,0.17298104591380228,176,8,0.798735432614921,0.7527146309678249,125.4416160218978,379.85741625627395,24,1,3529,0.0722151190834609,0.0733425214993379
97,12,0,339.3,0.20980721085187423,190,9,0.8782150710166167,0.8858725002859625,244.097667409617,432.99805843140985,15,1,736177,0.07124863349198712,0.06577444183659899
98,16,0,387.5,0.2664901192064621,206,9,0.8446898931755271,0.8650684495355601,166.16954278621907,707.9713246572079,34,1,721333,0.06574033523606342,0.06843428258234437
99,12,0,372.8,0.20068037920700577,262,8,0.9865928414128718,0.8709867301239076,194.43050486348733,650.9429124019391,24,1,558160,0.06690423045005488,0.0628067663377832
100,31,0,298.5,0.23178257672466965,194,9,0.8548318977987982,0.8210488920571392,375.5867560734945,448.29049260411495,20,1,664619,0.06861866069249917,0.06935746202594767
101,45,0,379.9,0.2162470284138642,138,10,0.7451371810485884,0.8892991327885136,297.30732024949407,294.1714565679244,21,1,195475,0.07277462082615375,0.07059650329998197
102,40,0,366.6,0.19953505672760344,271,10,0.9006034259153191,0.8674031069450104,292.3907809922297,559.8412551977177,34,1,662761,0.071102344426642,0.06882145281543685
103,52,0,410.1,0.11773137430318659,140,10,0.9764626059142361,0.9481986672641118,284.370268785428,398.2853538186622,13,1,96937,0.07368359417554583,0.07573857167905851
104,41,0,346.0,0.18836309483981828,214,6,0.8506207323831534,0.8916715124371952,187.9466678787143,552.0654509839367,18,1,665602,0.072049327077516,0.07797713041600568
105,57,0,409.4,0.16191506016630042,243,10,0.8557734103695056,0.9712222483419644,235.588022999059,389.8251556768704,16,1,410154,0.07355598173721227,0.07522533478357601
106,25,0,371.4,0.17738647504823224,222,9,0.9156639192511221,0.7783980895793354,162.76030600708242,601.6102542819758,30,1,465156,0.07124775745057682,0.07271040669428262
107,11,0,295.7,0.2743357563136765,237,8,0.8767747012334584,0.813619159042684,208.07968613228897,961.3267319741514,11,1,857073,0.0713908231355775,0.07124636936094618
108,34,0,320.4,0.21374082994856028,189,8,0.865788724130018,0.8875339098920312,283.6446302102571,651.6213028294983,21,1,204346,0.07235808074969667,0.07331002141329888
109,22,0,323.8,0.15783721234807946,249,8,0.9518085643678252,0.9159926391227845,199.54567498424495,683.7359710233527,18,1,592461,0.07207130501063015,0.07383515090613896
110,17,0,276.0,0.23664407840068252,272,7,0.8222796513801571,0.8241939979393001,275.148752127188,526.9401777520659,11,1,919020,0.06854942478142909,0.06967265404449256
111,21,0,195.0,0.27041476519581065,213,7,0.7544894305043843,0.780475729617096,376.7487020620735,366.40419390309796,15,1,369455,0.0689580279983713,0.067205647864265
112,34,0,310.8,0.20484427866686136,203,7,0.8799414122791103,0.7678183215179929,155.60037915713716,402.02280763265327,25,1,294804,0.06812655952785918,0.07312335268843173
113,17,0,281.5,0.25949547488103414,217,9,0.9049393020821983,0.8601814892498217,274.807166171231,534.9027866002625,25,1,30144,0.06684158729810043,0.06818732693226245
114,35,0,281.9,0.23680873971557503,198,8,0.8618972427447665,0.8459540047153321,318.6756781398343,465.9254593285176,22,1,610862,0.07212448212786689,0.07068875482612257
115,42,0,238.3,0.20304441749598656,257,6,0.9182327835217685,0.7269610726419984,301.23413170652555,699.0845920123695,16,1,99608,0.07203917671576004,0.07141684385632074
116,32,0,231.1,0.1900885902808979,192,6,0.9938587689715335,0.8218223442299512,200.29978414440717,716.2299803171762,14,1,849603,0.07564725483616445,0.06864075895559862
117,56,0,246.0,0.1357461894102296,234,6,0.918463308129488,0.9109508566257607,147.9248031211987,641.7128525941449,12,1,895838,0.07523618225502739,0.0728278448762324
118,38,0,238.5,0.25656495828426434,225,6,1.0,0.9297474711028662,289.37224555378003,441.0786909089788,20,1,222151,0.07086349588392875,0.07004523639592151
119,54,0,227.1,0.1557127888224102,209,6,0.84942149217053,0.8471326296027919,189.33843719672467,456.96970002733786,16,1,425650,0.0734573778687359,0.07411104983090003
120,30,0,210.6,0.18575303207154756,181,6,0.8993355939425419,0.849038372748107,188.19538403640797,309.707203287907,12,1,223980,0.0714732404798155,0.07047933213819678
121,18,0,198.0,0.2551223525438883,238,7,0.7856490986446281,0.8498859154124325,177.24338228035805,603.8407295969776,19,1,788675,0.06965691836123206,0.06832373559219009
122,68,0,222.7,0.14055830076460543,250,6,0.7954674704270674,0.9105254157252338,205.95620589143783,387.89930464641316,50,1,745671,0.07516242374973492,0.07417152840906743
123,14,0,183.7,0.25090157588922096,192,10,0.7652544222626151,1.0,326.4143859546053,728.9928870127709,14,1,113363,0.06944957567318998,0.06637615375993837
124,30,0,198.4,0.17415426997513833,280,9,0.8695975100258169,0.8871389939744638,227.3883823126755,680.9511479547593,29,1,88634,0.07316551344113992,0.07257166170265503
125,25,0,191.4,0.18242013733502216,124,9,0.8995564526039629,0.9658735582443869,161.40959396786783,1044.8789626181592,18,1,242847,0.07135134284271825,0.07441444470171939
126,35,0,187.5,0.1896850176832729,202,8,0.9058109996280141,0.864212503892172,240.09888354558245,364.8344083392723,20,1,624050,0.07013513647096464,0.0745960316875661
127,61,0,175.9,0.19221855428850915,313,6,0.8641783146408845,1.0,278.66955844041433,566.8322504117987,34,1,992273,0.07494098884277625,0.07280038647341074
